{
  "configuration": {
    "checkpoint": "/home/lenovo/mujoco_learning/08_camera/checkpoints/best_full_flow_v22.zip",
    "environment": "My4C2AllStageSinglePPOV22Cube3cm-v0",
    "seeds": [
      0,
      1,
      2,
      3,
      4,
      5,
      6,
      7,
      8,
      9,
      10,
      11,
      12,
      13,
      14,
      15,
      16,
      17,
      18,
      19,
      20,
      21,
      22,
      23,
      24,
      25,
      26,
      27,
      28,
      29,
      30,
      31,
      32,
      33,
      34,
      35,
      36,
      37,
      38,
      39,
      40,
      41,
      42,
      43,
      44,
      45,
      46,
      47,
      48,
      49,
      50,
      51,
      52,
      53,
      54,
      55,
      56,
      57,
      58,
      59,
      60,
      61,
      62,
      63,
      64,
      65,
      66,
      67,
      68,
      69,
      70,
      71,
      72,
      73,
      74,
      75,
      76,
      77,
      78,
      79,
      80,
      81,
      82,
      83,
      84,
      85,
      86,
      87,
      88,
      89,
      90,
      91,
      92,
      93,
      94,
      95,
      96,
      97,
      98,
      99
    ],
    "deterministic": true,
    "max_tcp_lead": 0.03,
    "ik_posture_mode": "off",
    "mocap_weld_enabled": false,
    "arm_qpos_written_during_policy": false
  },
  "ground_truth": {
    "episodes": 100,
    "rgbd_valid": {
      "count": 100,
      "rate": 1.0
    },
    "full_success": {
      "count": 98,
      "rate": 0.98
    },
    "reach_success": {
      "count": 100,
      "rate": 1.0
    },
    "grasp_success": {
      "count": 99,
      "rate": 0.99
    },
    "lift_success": {
      "count": 99,
      "rate": 0.99
    },
    "entered_place": {
      "count": 99,
      "rate": 0.99
    },
    "place_success": {
      "count": 98,
      "rate": 0.98
    },
    "episode_steps": {
      "mean": 458.01,
      "median": 453.0,
      "p95": 531.55,
      "max": 900.0
    },
    "episode_return": {
      "mean": 3353.139682091455,
      "median": 3366.1161324762443,
      "p95": 3649.945520674162,
      "max": 4388.672722134204
    },
    "visual_error_m": {
      "mean": 0.0007749684313737163,
      "median": 0.0007936618544390808,
      "p95": 0.001363874341241514,
      "max": 0.002134701490120572
    },
    "visual_xy_error_m": {
      "mean": 0.0007747699367131728,
      "median": 0.0007936046986628052,
      "p95": 0.0013638739605337405,
      "max": 0.0021346586375740875
    },
    "grasp_visual_xy_error_m": {
      "mean": 0.0034846576951789395,
      "median": 0.0022810733583187625,
      "p95": 0.011201973540422419,
      "max": 0.018525138263814224
    },
    "min_grasp_xy_error_m": {
      "mean": 0.0017366770299180405,
      "median": 0.0013003773864466795,
      "p95": 0.004698095810402463,
      "max": 0.005520354203047033
    },
    "grasp_horizontal_drift_m": {
      "mean": 0.003711356101685278,
      "median": 0.0025517832273754056,
      "p95": 0.011327269406892902,
      "max": 0.02704866734086925
    },
    "final_goal_xy_error_m": {
      "mean": 0.008735179488000082,
      "median": 0.007953050633945198,
      "p95": 0.008988709784454573,
      "max": 0.14819306652235872
    },
    "dq_clip_rate": {
      "mean": 0.34736503338128033,
      "median": 0.34743602404730456,
      "p95": 0.38001962464107697,
      "max": 0.3961708394698085
    },
    "max_joint_velocity_rad_s": {
      "mean": 0.5048220776129932,
      "median": 0.5398871391200335,
      "p95": 0.5409907664695672,
      "max": 0.5522830808608807
    },
    "max_actuator_force_n": {
      "mean": 30.194083743549772,
      "median": 28.7189869947058,
      "p95": 41.00301318311728,
      "max": 42.997019032593016
    },
    "max_runtime_estimator_error_m_evaluator_only": {
      "mean": 0.005040550747744934,
      "median": 0.003663816169445118,
      "p95": 0.013244034373198236,
      "max": 0.027604234208998737
    },
    "ik_nonconverged_calls": 0,
    "ik_calls": 45801,
    "robot_table_contact_steps": 401,
    "drop_episodes": 0,
    "fling_episodes": 0,
    "object_source_consistency_failures": 0,
    "object_source_consistent_episodes": 100,
    "failure_classes": {
      "success": 98,
      "task_failure": 2
    },
    "tcp_tracking": {
      "Reach": {
        "mean": 0.027315889004954547,
        "median": 0.0273152983867259,
        "p95": 0.027357580702959565,
        "max": 0.027375481316582708
      },
      "Grasp": {
        "mean": 0.014524129155518293,
        "median": 0.014209829865989034,
        "p95": 0.017216270955682022,
        "max": 0.020113183725586393
      },
      "Lift": {
        "mean": 0.02785676812083607,
        "median": 0.027868468458385174,
        "p95": 0.02849126889712985,
        "max": 0.028606282860379802
      },
      "Place": {
        "mean": 0.012598879071924772,
        "median": 0.012430822732588633,
        "p95": 0.015458244182705097,
        "max": 0.015875555954732206
      }
    }
  },
  "rgbd": {
    "episodes": 100,
    "rgbd_valid": {
      "count": 100,
      "rate": 1.0
    },
    "full_success": {
      "count": 99,
      "rate": 0.99
    },
    "reach_success": {
      "count": 100,
      "rate": 1.0
    },
    "grasp_success": {
      "count": 100,
      "rate": 1.0
    },
    "lift_success": {
      "count": 100,
      "rate": 1.0
    },
    "entered_place": {
      "count": 100,
      "rate": 1.0
    },
    "place_success": {
      "count": 99,
      "rate": 0.99
    },
    "episode_steps": {
      "mean": 458.25,
      "median": 453.0,
      "p95": 533.5999999999999,
      "max": 900.0
    },
    "episode_return": {
      "mean": 3384.9283870623917,
      "median": 3369.5965563374866,
      "p95": 3611.091197323491,
      "max": 4278.468821310804
    },
    "visual_error_m": {
      "mean": 0.0007749684313737163,
      "median": 0.0007936618544390808,
      "p95": 0.001363874341241514,
      "max": 0.002134701490120572
    },
    "visual_xy_error_m": {
      "mean": 0.0007747699367131728,
      "median": 0.0007936046986628052,
      "p95": 0.0013638739605337405,
      "max": 0.0021346586375740875
    },
    "grasp_visual_xy_error_m": {
      "mean": 0.0030074506030952903,
      "median": 0.002124400821582874,
      "p95": 0.00796239718185464,
      "max": 0.020228600329012882
    },
    "min_grasp_xy_error_m": {
      "mean": 0.0017798489861429497,
      "median": 0.0014105027762076376,
      "p95": 0.004786635931132134,
      "max": 0.005464950649704618
    },
    "grasp_horizontal_drift_m": {
      "mean": 0.0030774549267699874,
      "median": 0.0024209821297629516,
      "p95": 0.008219613305213218,
      "max": 0.019807304893934185
    },
    "final_goal_xy_error_m": {
      "mean": 0.008181723134079945,
      "median": 0.007983406174712429,
      "p95": 0.013260270522934539,
      "max": 0.018118939713327013
    },
    "dq_clip_rate": {
      "mean": 0.34738278574513054,
      "median": 0.34709813423956937,
      "p95": 0.37358377160030054,
      "max": 0.38355263157894737
    },
    "max_joint_velocity_rad_s": {
      "mean": 0.5050853557567946,
      "median": 0.5398577441020789,
      "p95": 0.5409935902849146,
      "max": 0.5522832166446262
    },
    "max_actuator_force_n": {
      "mean": 29.868937251151333,
      "median": 28.1243876591941,
      "p95": 42.729768712550595,
      "max": 57.3991189222163
    },
    "max_runtime_estimator_error_m_evaluator_only": {
      "mean": 0.00448012062144565,
      "median": 0.003472215064903376,
      "p95": 0.009651569358684093,
      "max": 0.025415549200762947
    },
    "ik_nonconverged_calls": 0,
    "ik_calls": 45825,
    "robot_table_contact_steps": 403,
    "drop_episodes": 0,
    "fling_episodes": 1,
    "object_source_consistency_failures": 0,
    "object_source_consistent_episodes": 100,
    "failure_classes": {
      "success": 99,
      "\u91ca\u653e\u5931\u8d25": 1
    },
    "tcp_tracking": {
      "Reach": {
        "mean": 0.027315002995353457,